competition_name,pubchem_query,pubchem_cid,resolution,feature_molecule_policy,resolution_note,entity_role,seen_in_train_metadata,seen_in_validation_metadata,seen_in_test_metadata,train_splits,validation_splits,test_splits,pubchem_title,pubchem_iupac_name,pubchem_molecular_formula,pubchem_molecular_weight,pubchem_isomeric_smiles,pubchem_connectivity_smiles,pubchem_inchi,pubchem_inchikey,rdkit_full_canonical_isomeric_smiles,rdkit_feature_canonical_isomeric_smiles,full_record_fragment_count,feature_atom_count,feature_morgan_on_bits
"(1R, 2S, 5R) - (-) - Menthol",(-)-Menthol,16666,curated-alias,fragment-parent,Exact competition spelling returns 404; stereospecific PubChem alias verified.,treatment,True,True,True,train,val_strain_only;val_time,test_strain_only;test_time,(-)-Menthol,"(1R,2S,5R)-5-methyl-2-propan-2-ylcyclohexan-1-ol",C10H20O,156.26,C[C@@H]1CC[C@H]([C@@H](C1)O)C(C)C,CC1CCC(C(C1)O)C(C)C,"InChI=1S/C10H20O/c1-7(2)9-5-4-8(3)6-10(9)11/h7-11H,4-6H2,1-3H3/t8-,9+,10-/m1/s1",NOOLISFMXDJSKH-KXUCPTDWSA-N,CC(C)[C@@H]1CC[C@@H](C)C[C@H]1O,CC(C)[C@@H]1CC[C@@H](C)C[C@H]1O,1,11,21
(S)-(+)-Camptothecin,(S)-(+)-Camptothecin,24360,exact-name,fragment-parent,Exact competition name resolved to this CID as the first PubChem result.,treatment,False,False,True,,,test_both;test_chem_only,Camptothecin,"(19S)-19-ethyl-19-hydroxy-17-oxa-3,13-diazapentacyclo[11.8.0.02,11.04,9.015,20]henicosa-1(21),2,4,6,8,10,15(20)-heptaene-14,18-dione",C20H16N2O4,348.4,CC[C@@]1(C2=C(COC1=O)C(=O)N3CC4=CC5=CC=CC=C5N=C4C3=C2)O,CCC1(C2=C(COC1=O)C(=O)N3CC4=CC5=CC=CC=C5N=C4C3=C2)O,"InChI=1S/C20H16N2O4/c1-2-20(25)14-8-16-17-12(7-11-5-3-4-6-15(11)21-17)9-22(16)18(23)13(14)10-26-19(20)24/h3-8,25H,2,9-10H2,1H3/t20-/m0/s1",VSJKWCGYPAHWDS-FQEVSTJZSA-N,CC[C@@]1(O)C(=O)OCc2c1cc1n(c2=O)Cc2cc3ccccc3nc2-1,CC[C@@]1(O)C(=O)OCc2c1cc1n(c2=O)Cc2cc3ccccc3nc2-1,1,26,53
1-10 Phenanthroline monohydrate,"1,10-Phenanthroline",1318,curated-alias,fragment-parent,"Exact competition spelling returns 404; mapped to 1,10-phenanthroline parent, hydration water omitted.",treatment,True,True,True,train,val_strain_only,test_strain_only;test_time,"1,10-Phenanthroline","1,10-phenanthroline",C12H8N2,180.20,C1=CC2=C(C3=C(C=CC=N3)C=C2)N=C1,C1=CC2=C(C3=C(C=CC=N3)C=C2)N=C1,InChI=1S/C12H8N2/c1-3-9-5-6-10-4-2-8-14-12(10)11(9)13-7-1/h1-8H,DGEZNRSVGBDHLK-UHFFFAOYSA-N,c1cnc2c(c1)ccc1cccnc12,c1cnc2c(c1)ccc1cccnc12,1,14,16
4-Hydroxytamoxifen,4-Hydroxytamoxifen,449459,exact-name,fragment-parent,Exact competition name resolved to this CID as the first PubChem result.,treatment,True,True,True,train,val_strain_only;val_time,test_strain_only;test_time,4-Hydroxytamoxifen,4-[(Z)-1-[4-[2-(dimethylamino)ethoxy]phenyl]-2-phenylbut-1-enyl]phenol,C26H29NO2,387.5,CC/C(=C(\C1=CC=C(C=C1)O)/C2=CC=C(C=C2)OCCN(C)C)/C3=CC=CC=C3,CCC(=C(C1=CC=C(C=C1)O)C2=CC=C(C=C2)OCCN(C)C)C3=CC=CC=C3,"InChI=1S/C26H29NO2/c1-4-25(20-8-6-5-7-9-20)26(21-10-14-23(28)15-11-21)22-12-16-24(17-13-22)29-19-18-27(2)3/h5-17,28H,4,18-19H2,1-3H3/b26-25-",TXUZVZSFRXZGTL-QPLCGJKRSA-N,CC/C(=C(\c1ccc(O)cc1)c1ccc(OCCN(C)C)cc1)c1ccccc1,CC/C(=C(\c1ccc(O)cc1)c1ccc(OCCN(C)C)cc1)c1ccccc1,1,29,39
Abietic acid,Abietic acid,10569,exact-name,fragment-parent,Exact competition name resolved to this CID as the first PubChem result.,treatment,False,False,True,,,test_both;test_chem_only,Abietic Acid,"(1R,4aR,4bR,10aR)-1,4a-dimethyl-7-propan-2-yl-2,3,4,4b,5,6,10,10a-octahydrophenanthrene-1-carboxylic acid",C20H30O2,302.5,CC(C)C1=CC2=CC[C@@H]3[C@@]([C@H]2CC1)(CCC[C@@]3(C)C(=O)O)C,CC(C)C1=CC2=CCC3C(C2CC1)(CCCC3(C)C(=O)O)C,"InChI=1S/C20H30O2/c1-13(2)14-6-8-16-15(12-14)7-9-17-19(16,3)10-5-11-20(17,4)18(21)22/h7,12-13,16-17H,5-6,8-11H2,1-4H3,(H,21,22)/t16-,17+,19+,20+/m0/s1",RSWGJHLUYNHPMX-ONCXSQPRSA-N,CC(C)C1=CC2=CC[C@@H]3[C@](C)(CCC[C@@]3(C)C(=O)O)[C@H]2CC1,CC(C)C1=CC2=CC[C@@H]3[C@](C)(CCC[C@@]3(C)C(=O)O)[C@H]2CC1,1,22,43
Amiodarone hydrochloride,Amiodarone hydrochloride,441325,exact-name,fragment-parent,Exact competition name resolved to this CID as the first PubChem result.,treatment,True,True,True,train,val_strain_only;val_time,test_strain_only;test_time,Amiodarone Hydrochloride,"(2-butyl-1-benzofuran-3-yl)-[4-[2-(diethylamino)ethoxy]-3,5-diiodophenyl]methanone;hydrochloride",C25H30ClI2NO3,681.8,CCCCC1=C(C2=CC=CC=C2O1)C(=O)C3=CC(=C(C(=C3)I)OCCN(CC)CC)I.Cl,CCCCC1=C(C2=CC=CC=C2O1)C(=O)C3=CC(=C(C(=C3)I)OCCN(CC)CC)I.Cl,"InChI=1S/C25H29I2NO3.ClH/c1-4-7-11-22-23(18-10-8-9-12-21(18)31-22)24(29)17-15-19(26)25(20(27)16-17)30-14-13-28(5-2)6-3;/h8-10,12,15-16H,4-7,11,13-14H2,1-3H3;1H",ITPDYQOUSLNIHG-UHFFFAOYSA-N,CCCCc1oc2ccccc2c1C(=O)c1cc(I)c(OCCN(CC)CC)c(I)c1.Cl,CCCCc1oc2ccccc2c1C(=O)c1cc(I)c(OCCN(CC)CC)c(I)c1,2,31,53
Amphotericin B,Amphotericin B,5280965,exact-name,fragment-parent,Exact competition name resolved to this CID as the first PubChem result.,treatment,False,True,True,,val_both;val_chem_only,test_both,Amphotericin B,"(1R,3S,5R,6R,9R,11R,15S,16R,17R,18S,19E,21E,23E,25E,27E,29E,31E,33R,35S,36R,37S)-33-[(2R,3S,4S,5S,6R)-4-amino-3,5-dihydroxy-6-methyloxan-2-yl]oxy-1,3,5,6,9,11,17,37-octahydroxy-15,16,18-trimethyl-13-oxo-14,39-dioxabicyclo[33.3.1]nonatriaconta-19,21,23,25,27,29,31-heptaene-36-carboxylic acid",C47H73NO17,924.1,C[C@H]1/C=C/C=C/C=C/C=C/C=C/C=C/C=C/[C@@H](C[C@H]2[C@@H]([C@H](C[C@](O2)(C[C@H](C[C@H]([C@@H](CC[C@H](C[C@H](CC(=O)O[C@H]([C@@H]([C@@H]1O)C)C)O)O)O)O)O)O)O)C(=O)O)O[C@H]3[C@H]([C@H]([C@@H]([C@H](O3)C)O)N)O,CC1C=CC=CC=CC=CC=CC=CC=CC(CC2C(C(CC(O2)(CC(CC(C(CCC(CC(CC(=O)OC(C(C1O)C)C)O)O)O)O)O)O)O)C(=O)O)OC3C(C(C(C(O3)C)O)N)O,"InChI=1S/C47H73NO17/c1-27-17-15-13-11-9-7-5-6-8-10-12-14-16-18-34(64-46-44(58)41(48)43(57)30(4)63-46)24-38-40(45(59)60)37(54)26-47(61,65-38)25-33(51)22-36(53)35(52)20-19-31(49)21-32(50)23-39(55)62-29(3)28(2)42(27)56/h5-18,27-38,40-44,46,49-54,56-58,61H,19-26,48H2,1-4H3,(H,59,60)/b6-5+,9-7+,10-8+,13-11+,14-12+,17-15+,18-16+/t27-,28-,29-,30+,31+,32+,33-,34-,35+,36+,37-,38-,40+,41-,42+,43+,44-,46-,47+/m0/s1",APKFDSVGJQXUKY-INPOYWNPSA-N,C[C@@H]1[C@H](O)[C@@H](C)/C=C/C=C/C=C/C=C/C=C/C=C/C=C/[C@H](O[C@@H]2O[C@H](C)[C@@H](O)[C@H](N)[C@@H]2O)C[C@@H]2O[C@](O)(C[C@@H](O)C[C@@H](O)[C@H](O)CC[C@@H](O)C[C@@H](O)CC(=O)O[C@H]1C)C[C@H](O)[C@H]2C(=O)O,C[C@@H]1[C@H](O)[C@@H](C)/C=C/C=C/C=C/C=C/C=C/C=C/C=C/[C@H](O[C@@H]2O[C@H](C)[C@@H](O)[C@H](N)[C@@H]2O)C[C@@H]2O[C@](O)(C[C@@H](O)C[C@@H](O)[C@H](O)CC[C@@H](O)C[C@@H](O)CC(=O)O[C@H]1C)C[C@H](O)[C@H]2C(=O)O,1,65,79
Anisomycin,Anisomycin,253602,exact-name,fragment-parent,Exact competition name resolved to this CID as the first PubChem result.,treatment,True,True,True,train,val_strain_only;val_time,test_strain_only;test_time,Anisomycin,"[(2R,3S,4S)-4-hydroxy-2-[(4-methoxyphenyl)methyl]pyrrolidin-3-yl] acetate",C14H19NO4,265.30,CC(=O)O[C@@H]1[C@H](CN[C@@H]1CC2=CC=C(C=C2)OC)O,CC(=O)OC1C(CNC1CC2=CC=C(C=C2)OC)O,"InChI=1S/C14H19NO4/c1-9(16)19-14-12(15-8-13(14)17)7-10-3-5-11(18-2)6-4-10/h3-6,12-15,17H,7-8H2,1-2H3/t12-,13+,14+/m1/s1",YKJYKKNCCRKFSL-RDBSUJKOSA-N,COc1ccc(C[C@H]2NC[C@H](O)[C@H]2OC(C)=O)cc1,COc1ccc(C[C@H]2NC[C@H](O)[C@H]2OC(C)=O)cc1,1,19,38
Artemisinin,Artemisinin,68827,exact-name,fragment-parent,Exact competition name resolved to this CID as the first PubChem result.,treatment,True,True,True,train,val_strain_only;val_time,test_strain_only;test_time,Artemisinin,"(1R,4S,5R,8S,9R,12S,13R)-1,5,9-trimethyl-11,14,15,16-tetraoxatetracyclo[10.3.1.04,13.08,13]hexadecan-10-one",C15H22O5,282.33,C[C@@H]1CC[C@H]2[C@H](C(=O)O[C@H]3[C@@]24[C@H]1CC[C@](O3)(OO4)C)C,CC1CCC2C(C(=O)OC3C24C1CCC(O3)(OO4)C)C,"InChI=1S/C15H22O5/c1-8-4-5-11-9(2)12(16)17-13-15(11)10(8)6-7-14(3,18-13)19-20-15/h8-11,13H,4-7H2,1-3H3/t8-,9-,10+,11+,13-,14-,15-/m1/s1",BLUAFEHZUWYNDE-NNWCWBAJSA-N,C[C@@H]1CC[C@H]2[C@@H](C)C(=O)O[C@@H]3O[C@@]4(C)CC[C@@H]1[C@]32OO4,C[C@@H]1CC[C@H]2[C@@H](C)C(=O)O[C@@H]3O[C@@]4(C)CC[C@@H]1[C@]32OO4,1,20,38
Brefeldin A,Brefeldin A,5287620,exact-name,fragment-parent,Exact competition name resolved to this CID as the first PubChem result.,treatment,True,True,True,train,val_strain_only;val_time,test_strain_only;test_time,Brefeldin A,"(1R,2R,3E,7S,11E,13S,15S)-2,15-dihydroxy-7-methyl-6-oxabicyclo[11.3.0]hexadeca-3,11-dien-5-one",C16H24O4,280.36,C[C@H]1CCC/C=C/[C@@H]2C[C@@H](C[C@H]2[C@@H](/C=C/C(=O)O1)O)O,CC1CCCC=CC2CC(CC2C(C=CC(=O)O1)O)O,"InChI=1S/C16H24O4/c1-11-5-3-2-4-6-12-9-13(17)10-14(12)15(18)7-8-16(19)20-11/h4,6-8,11-15,17-18H,2-3,5,9-10H2,1H3/b6-4+,8-7+/t11-,12+,13-,14+,15+/m0/s1",KQNZDYYTLMIZCT-KQPMLPITSA-N,C[C@H]1CCC/C=C/[C@@H]2C[C@H](O)C[C@H]2[C@H](O)/C=C/C(=O)O1,C[C@H]1CCC/C=C/[C@@H]2C[C@H](O)C[C@H]2[C@H](O)/C=C/C(=O)O1,1,20,41
CHX,Cycloheximide,6197,curated-alias,fragment-parent,Exact abbreviation returns 404; expanded to cycloheximide.,treatment,True,True,True,train,val_strain_only;val_time,test_strain_only;test_time,Cycloheximide,"4-[(2R)-2-[(1S,3S,5S)-3,5-dimethyl-2-oxocyclohexyl]-2-hydroxyethyl]piperidine-2,6-dione",C15H23NO4,281.35,C[C@H]1C[C@@H](C(=O)[C@@H](C1)[C@@H](CC2CC(=O)NC(=O)C2)O)C,CC1CC(C(=O)C(C1)C(CC2CC(=O)NC(=O)C2)O)C,"InChI=1S/C15H23NO4/c1-8-3-9(2)15(20)11(4-8)12(17)5-10-6-13(18)16-14(19)7-10/h8-12,17H,3-7H2,1-2H3,(H,16,18,19)/t8-,9-,11-,12+/m0/s1",YPHMISFOHDHNIV-FSZOTQKASA-N,C[C@@H]1C[C@@H]([C@H](O)CC2CC(=O)NC(=O)C2)C(=O)[C@@H](C)C1,C[C@@H]1C[C@@H]([C@H](O)CC2CC(=O)NC(=O)C2)C(=O)[C@@H](C)C1,1,20,34
Cisplatin,Cisplatin,5702198,exact-name,full-record,Keep full disconnected PubChem record because fragment-parent would discard ammine fragments.,treatment,True,True,True,train,val_strain_only;val_time,test_strain_only;test_time,azane;dichloroplatinum,azane;dichloroplatinum,Cl2H6N2Pt,300.05,N.N.Cl[Pt]Cl,N.N.Cl[Pt]Cl,InChI=1S/2ClH.2H3N.Pt/h2*1H;2*1H3;/q;;;;+2/p-2,LXZZYRPGZAFOLE-UHFFFAOYSA-L,N.N.[Cl][Pt][Cl],N.N.[Cl][Pt][Cl],3,5,5
Clomiphene citrate,Clomiphene citrate,60974,exact-name,fragment-parent,Exact competition name resolved to this CID as the first PubChem result.,treatment,True,True,True,train,val_strain_only;val_time,test_strain_only;test_time,Clostilbegit,"2-[4-(2-chloro-1,2-diphenylethenyl)phenoxy]-N,N-diethylethanamine;2-hydroxypropane-1,2,3-tricarboxylic acid",C32H36ClNO8,598.1,CCN(CC)CCOC1=CC=C(C=C1)C(=C(C2=CC=CC=C2)Cl)C3=CC=CC=C3.C(C(=O)O)C(CC(=O)O)(C(=O)O)O,CCN(CC)CCOC1=CC=C(C=C1)C(=C(C2=CC=CC=C2)Cl)C3=CC=CC=C3.C(C(=O)O)C(CC(=O)O)(C(=O)O)O,"InChI=1S/C26H28ClNO.C6H8O7/c1-3-28(4-2)19-20-29-24-17-15-22(16-18-24)25(21-11-7-5-8-12-21)26(27)23-13-9-6-10-14-23;7-3(8)1-6(13,5(11)12)2-4(9)10/h5-18H,3-4,19-20H2,1-2H3;13H,1-2H2,(H,7,8)(H,9,10)(H,11,12)",PYTMYKVIJXPNBD-UHFFFAOYSA-N,CCN(CC)CCOc1ccc(C(=C(Cl)c2ccccc2)c2ccccc2)cc1.O=C(O)CC(O)(CC(=O)O)C(=O)O,CCN(CC)CCOc1ccc(C(=C(Cl)c2ccccc2)c2ccccc2)cc1,2,29,36
Clotrimazole,Clotrimazole,2812,exact-name,fragment-parent,Exact competition name resolved to this CID as the first PubChem result.,treatment,True,True,True,train,val_strain_only;val_time,test_strain_only;test_time,Clotrimazole,1-[(2-chlorophenyl)-diphenylmethyl]imidazole,C22H17ClN2,344.8,C1=CC=C(C=C1)C(C2=CC=CC=C2)(C3=CC=CC=C3Cl)N4C=CN=C4,C1=CC=C(C=C1)C(C2=CC=CC=C2)(C3=CC=CC=C3Cl)N4C=CN=C4,"InChI=1S/C22H17ClN2/c23-21-14-8-7-13-20(21)22(25-16-15-24-17-25,18-9-3-1-4-10-18)19-11-5-2-6-12-19/h1-17H",VNFPBHJOKIVQEB-UHFFFAOYSA-N,Clc1ccccc1C(c1ccccc1)(c1ccccc1)n1ccnc1,Clc1ccccc1C(c1ccccc1)(c1ccccc1)n1ccnc1,1,25,32
Cyclopiazonic acid,Cyclopiazonic acid,54682463,exact-name,fragment-parent,Exact competition name resolved to this CID as the first PubChem result.,treatment,True,True,True,train,val_strain_only;val_time,test_strain_only;test_time,Cyclopiazonic Acid,"(2R,3S,9R)-5-acetyl-4-hydroxy-8,8-dimethyl-7,16-diazapentacyclo[9.6.1.02,9.03,7.015,18]octadeca-1(17),4,11(18),12,14-pentaen-6-one",C20H20N2O3,336.4,CC(=O)C1=C([C@@H]2[C@@H]3[C@@H](CC4=C5C3=CNC5=CC=C4)C(N2C1=O)(C)C)O,CC(=O)C1=C(C2C3C(CC4=C5C3=CNC5=CC=C4)C(N2C1=O)(C)C)O,"InChI=1S/C20H20N2O3/c1-9(23)14-18(24)17-16-11-8-21-13-6-4-5-10(15(11)13)7-12(16)20(2,3)22(17)19(14)25/h4-6,8,12,16-17,21,24H,7H2,1-3H3/t12-,16+,17+/m1/s1",SZINUGQCTHLQAZ-DQYPLSBCSA-N,CC(=O)C1=C(O)[C@@H]2[C@H]3c4c[nH]c5cccc(c45)C[C@H]3C(C)(C)N2C1=O,CC(=O)C1=C(O)[C@@H]2[C@H]3c4c[nH]c5cccc(c45)C[C@H]3C(C)(C)N2C1=O,1,25,52
DMSO,DMSO,679,exact-name,fragment-parent,Exact competition name resolved to this CID as the first PubChem result.,control,True,True,True,train,val_strain_only;val_time,test_strain_only;test_time,Dimethyl Sulfoxide,methylsulfinylmethane,C2H6OS,78.14,CS(=O)C,CS(=O)C,InChI=1S/C2H6OS/c1-4(2)3/h1-2H3,IAZDPXIOMUYVGZ-UHFFFAOYSA-N,CS(C)=O,C[S+](C)[O-],1,4,6
Desipramine hydrochloride,Desipramine hydrochloride,65327,exact-name,fragment-parent,Exact competition name resolved to this CID as the first PubChem result.,treatment,True,True,True,train,val_strain_only;val_time,test_strain_only,Desipramine Hydrochloride,"3-(5,6-dihydrobenzo[b][1]benzazepin-11-yl)-N-methylpropan-1-amine;hydrochloride",C18H23ClN2,302.8,CNCCCN1C2=CC=CC=C2CCC3=CC=CC=C31.Cl,CNCCCN1C2=CC=CC=C2CCC3=CC=CC=C31.Cl,"InChI=1S/C18H22N2.ClH/c1-19-13-6-14-20-17-9-4-2-7-15(17)11-12-16-8-3-5-10-18(16)20;/h2-5,7-10,19H,6,11-14H2,1H3;1H",XAEWZDYWZHIUCT-UHFFFAOYSA-N,CNCCCN1c2ccccc2CCc2ccccc21.Cl,CNCCCN1c2ccccc2CCc2ccccc21,2,20,29
Doxycycline hyclate,Doxycycline hyclate,54686183,exact-name,fragment-parent,Exact competition name resolved to this CID as the first PubChem result.,treatment,False,False,True,,,test_both;test_chem_only,Doryx,"bis((4S,4aR,5S,5aR,6R,12aR)-4-(dimethylamino)-1,5,10,11,12a-pentahydroxy-6-methyl-3,12-dioxo-4a,5,5a,6-tetrahydro-4H-tetracene-2-carboxamide);ethanol;hydrate;dihydrochloride",C46H58Cl2N4O18,1025.9,CCO.C[C@@H]1[C@H]2[C@@H]([C@H]3[C@@H](C(=O)C(=C([C@]3(C(=O)C2=C(C4=C1C=CC=C4O)O)O)O)C(=O)N)N(C)C)O.C[C@@H]1[C@H]2[C@@H]([C@H]3[C@@H](C(=O)C(=C([C@]3(C(=O)C2=C(C4=C1C=CC=C4O)O)O)O)C(=O)N)N(C)C)O.O.Cl.Cl,CCO.CC1C2C(C3C(C(=O)C(=C(C3(C(=O)C2=C(C4=C1C=CC=C4O)O)O)O)C(=O)N)N(C)C)O.CC1C2C(C3C(C(=O)C(=C(C3(C(=O)C2=C(C4=C1C=CC=C4O)O)O)O)C(=O)N)N(C)C)O.O.Cl.Cl,"InChI=1S/2C22H24N2O8.C2H6O.2ClH.H2O/c2*1-7-8-5-4-6-9(25)11(8)16(26)12-10(7)17(27)14-15(24(2)3)18(28)13(21(23)31)20(30)22(14,32)19(12)29;1-2-3;;;/h2*4-7,10,14-15,17,25-27,30,32H,1-3H3,(H2,23,31);3H,2H2,1H3;2*1H;1H2/t2*7-,10+,14+,15-,17-,22-;;;;/m00..../s1",UHHHTIKWXBRCLT-VDBOFHIQSA-N,CCO.C[C@H]1c2cccc(O)c2C(O)=C2C(=O)[C@]3(O)C(O)=C(C(N)=O)C(=O)[C@@H](N(C)C)[C@@H]3[C@@H](O)[C@@H]21.C[C@H]1c2cccc(O)c2C(O)=C2C(=O)[C@]3(O)C(O)=C(C(N)=O)C(=O)[C@@H](N(C)C)[C@@H]3[C@@H](O)[C@@H]21.Cl.Cl.O,C[C@H]1c2cccc(O)c2C(O)=C2C(=O)[C@]3(O)C(O)=C(C(N)=O)C(=O)[C@@H](N(C)C)[C@@H]3[C@@H](O)[C@@H]21,6,32,55
Dyclonine hydrochloride,Dyclonine hydrochloride,68304,exact-name,fragment-parent,Exact competition name resolved to this CID as the first PubChem result.,treatment,True,True,True,train,val_strain_only;val_time,test_strain_only;test_time,Dyclonine Hydrochloride,1-(4-butoxyphenyl)-3-piperidin-1-ylpropan-1-one;hydrochloride,C18H28ClNO2,325.9,CCCCOC1=CC=C(C=C1)C(=O)CCN2CCCCC2.Cl,CCCCOC1=CC=C(C=C1)C(=O)CCN2CCCCC2.Cl,"InChI=1S/C18H27NO2.ClH/c1-2-3-15-21-17-9-7-16(8-10-17)18(20)11-14-19-12-5-4-6-13-19;/h7-10H,2-6,11-15H2,1H3;1H",KNZADIMHVBBPOA-UHFFFAOYSA-N,CCCCOc1ccc(C(=O)CCN2CCCCC2)cc1.Cl,CCCCOc1ccc(C(=O)CCN2CCCCC2)cc1,2,21,37
EDTA,EDTA,6049,exact-name,fragment-parent,Exact competition name resolved to this CID as the first PubChem result.,treatment,True,True,True,train,val_strain_only;val_time,test_strain_only;test_time,Ethylenediaminetetraacetic Acid,2-[2-[bis(carboxymethyl)amino]ethyl-(carboxymethyl)amino]acetic acid,C10H16N2O8,292.24,C(CN(CC(=O)O)CC(=O)O)N(CC(=O)O)CC(=O)O,C(CN(CC(=O)O)CC(=O)O)N(CC(=O)O)CC(=O)O,"InChI=1S/C10H16N2O8/c13-7(14)3-11(4-8(15)16)1-2-12(5-9(17)18)6-10(19)20/h1-6H2,(H,13,14)(H,15,16)(H,17,18)(H,19,20)",KCXVZYZYPLLWCC-UHFFFAOYSA-N,O=C(O)CN(CCN(CC(=O)O)CC(=O)O)CC(=O)O,O=C(O)CN(CCN(CC(=O)O)CC(=O)O)CC(=O)O,1,20,14
Emodin,Emodin,3220,exact-name,fragment-parent,Exact competition name resolved to this CID as the first PubChem result.,treatment,True,True,True,train,val_strain_only;val_time,test_strain_only;test_time,Emodin,"1,3,8-trihydroxy-6-methylanthracene-9,10-dione",C15H10O5,270.24,CC1=CC2=C(C(=C1)O)C(=O)C3=C(C2=O)C=C(C=C3O)O,CC1=CC2=C(C(=C1)O)C(=O)C3=C(C2=O)C=C(C=C3O)O,"InChI=1S/C15H10O5/c1-6-2-8-12(10(17)3-6)15(20)13-9(14(8)19)4-7(16)5-11(13)18/h2-5,16-18H,1H3",RHMXXJGYXNZAPX-UHFFFAOYSA-N,Cc1cc(O)c2c(c1)C(=O)c1cc(O)cc(O)c1C2=O,Cc1cc(O)c2c(c1)C(=O)c1cc(O)cc(O)c1C2=O,1,20,26
FCCP,FCCP,3330,exact-name,fragment-parent,Exact competition name resolved to this CID as the first PubChem result.,treatment,False,True,True,,val_both;val_chem_only,test_both,Carbonyl cyanide p-trifluoromethoxyphenylhydrazone,2-[[4-(trifluoromethoxy)phenyl]hydrazinylidene]propanedinitrile,C10H5F3N4O,254.17,C1=CC(=CC=C1NN=C(C#N)C#N)OC(F)(F)F,C1=CC(=CC=C1NN=C(C#N)C#N)OC(F)(F)F,"InChI=1S/C10H5F3N4O/c11-10(12,13)18-9-3-1-7(2-4-9)16-17-8(5-14)6-15/h1-4,16H",BMZRVOVNUMQTIN-UHFFFAOYSA-N,N#CC(C#N)=NNc1ccc(OC(F)(F)F)cc1,N#CC(C#N)=NNc1ccc(OC(F)(F)F)cc1,1,18,31
Fluconazole,Fluconazole,3365,exact-name,fragment-parent,Exact competition name resolved to this CID as the first PubChem result.,treatment,False,False,True,,,test_both;test_chem_only,Fluconazole,"2-(2,4-difluorophenyl)-1,3-bis(1,2,4-triazol-1-yl)propan-2-ol",C13H12F2N6O,306.27,C1=CC(=C(C=C1F)F)C(CN2C=NC=N2)(CN3C=NC=N3)O,C1=CC(=C(C=C1F)F)C(CN2C=NC=N2)(CN3C=NC=N3)O,"InChI=1S/C13H12F2N6O/c14-10-1-2-11(12(15)3-10)13(22,4-20-8-16-6-18-20)5-21-9-17-7-19-21/h1-3,6-9,22H,4-5H2",RFHAOTPXVQNOHP-UHFFFAOYSA-N,OC(Cn1cncn1)(Cn1cncn1)c1ccc(F)cc1F,OC(Cn1cncn1)(Cn1cncn1)c1ccc(F)cc1F,1,22,35
G418,G418,123865,exact-name,fragment-parent,Exact competition name resolved to this CID as the first PubChem result.,treatment,False,False,True,,,test_both;test_chem_only,Geneticin,"(2R,3R,4R,5R)-2-[(1S,2S,3R,4S,6R)-4,6-diamino-3-[(2S,3R,4R,5S,6R)-3-amino-4,5-dihydroxy-6-[(1R)-1-hydroxyethyl]oxan-2-yl]oxy-2-hydroxycyclohexyl]oxy-5-methyl-4-(methylamino)oxane-3,5-diol",C20H40N4O10,496.6,C[C@H]([C@@H]1[C@H]([C@@H]([C@H]([C@H](O1)O[C@@H]2[C@H](C[C@H]([C@@H]([C@H]2O)O[C@@H]3[C@@H]([C@H]([C@@](CO3)(C)O)NC)O)N)N)N)O)O)O,CC(C1C(C(C(C(O1)OC2C(CC(C(C2O)OC3C(C(C(CO3)(C)O)NC)O)N)N)N)O)O)O,"InChI=1S/C20H40N4O10/c1-6(25)14-11(27)10(26)9(23)18(32-14)33-15-7(21)4-8(22)16(12(15)28)34-19-13(29)17(24-3)20(2,30)5-31-19/h6-19,24-30H,4-5,21-23H2,1-3H3/t6-,7+,8-,9-,10-,11+,12+,13-,14-,15-,16+,17-,18-,19-,20+/m1/s1",BRZYSWJRSDMWLG-DJWUNRQOSA-N,CN[C@@H]1[C@@H](O)[C@@H](O[C@@H]2[C@@H](O)[C@H](O[C@H]3O[C@H]([C@@H](C)O)[C@@H](O)[C@H](O)[C@H]3N)[C@@H](N)C[C@H]2N)OC[C@]1(C)O,CN[C@@H]1[C@@H](O)[C@@H](O[C@@H]2[C@@H](O)[C@H](O[C@H]3O[C@H]([C@@H](C)O)[C@@H](O)[C@H](O)[C@H]3N)[C@@H](N)C[C@H]2N)OC[C@]1(C)O,1,34,56
Geldanamycin,Geldanamycin,5288382,exact-name,fragment-parent,Exact competition name resolved to this CID as the first PubChem result.,treatment,True,True,True,train,val_strain_only;val_time,test_strain_only;test_time,Geldanamycin,"[(4E,6Z,8S,9S,10E,12S,13R,14S,16R)-13-hydroxy-8,14,19-trimethoxy-4,10,12,16-tetramethyl-3,20,22-trioxo-2-azabicyclo[16.3.1]docosa-1(21),4,6,10,18-pentaen-9-yl] carbamate",C29H40N2O9,560.6,C[C@H]1C[C@@H]([C@@H]([C@H](/C=C(/[C@@H]([C@H](/C=C\C=C(\C(=O)NC2=CC(=O)C(=C(C1)C2=O)OC)/C)OC)OC(=O)N)\C)C)O)OC,CC1CC(C(C(C=C(C(C(C=CC=C(C(=O)NC2=CC(=O)C(=C(C1)C2=O)OC)C)OC)OC(=O)N)C)C)O)OC,"InChI=1S/C29H40N2O9/c1-15-11-19-25(34)20(14-21(32)27(19)39-7)31-28(35)16(2)9-8-10-22(37-5)26(40-29(30)36)18(4)13-17(3)24(33)23(12-15)38-6/h8-10,13-15,17,22-24,26,33H,11-12H2,1-7H3,(H2,30,36)(H,31,35)/b10-8-,16-9+,18-13+/t15-,17+,22+,23+,24-,26+/m1/s1",QTQAWLPCGQOSGP-KSRBKZBZSA-N,COC1=C2C[C@@H](C)C[C@H](OC)[C@H](O)[C@@H](C)/C=C(\C)[C@H](OC(N)=O)[C@@H](OC)/C=C\C=C(/C)C(=O)NC(=CC1=O)C2=O,COC1=C2C[C@@H](C)C[C@H](OC)[C@H](O)[C@@H](C)/C=C(\C)[C@H](OC(N)=O)[C@@H](OC)/C=C\C=C(/C)C(=O)NC(=CC1=O)C2=O,1,40,69
H2O2,H2O2,784,exact-name,fragment-parent,Exact competition name resolved to this CID as the first PubChem result.,treatment,False,False,True,,,test_both;test_chem_only,Hydrogen Peroxide,hydrogen peroxide,H2O2,34.015,OO,OO,InChI=1S/H2O2/c1-2/h1-2H,MHAJPDPJQMAIIY-UHFFFAOYSA-N,OO,OO,1,2,2
Haloperidol,Haloperidol,3559,exact-name,fragment-parent,Exact competition name resolved to this CID as the first PubChem result.,treatment,True,True,True,train,val_strain_only;val_time,test_strain_only;test_time,Haloperidol,4-[4-(4-chlorophenyl)-4-hydroxypiperidin-1-yl]-1-(4-fluorophenyl)butan-1-one,C21H23ClFNO2,375.9,C1CN(CCC1(C2=CC=C(C=C2)Cl)O)CCCC(=O)C3=CC=C(C=C3)F,C1CN(CCC1(C2=CC=C(C=C2)Cl)O)CCCC(=O)C3=CC=C(C=C3)F,"InChI=1S/C21H23ClFNO2/c22-18-7-5-17(6-8-18)21(26)11-14-24(15-12-21)13-1-2-20(25)16-3-9-19(23)10-4-16/h3-10,26H,1-2,11-15H2",LNEPOXFFQSENCJ-UHFFFAOYSA-N,O=C(CCCN1CCC(O)(c2ccc(Cl)cc2)CC1)c1ccc(F)cc1,O=C(CCCN1CCC(O)(c2ccc(Cl)cc2)CC1)c1ccc(F)cc1,1,26,43
Harmine hydrochloride,Harmine hydrochloride,5359389,exact-name,fragment-parent,Exact competition name resolved to this CID as the first PubChem result.,treatment,True,True,True,train,val_strain_only;val_time,test_strain_only;test_time,Harmine Hydrochloride,"7-methoxy-1-methyl-9H-pyrido[3,4-b]indole;hydrochloride",C13H13ClN2O,248.71,CC1=NC=CC2=C1NC3=C2C=CC(=C3)OC.Cl,CC1=NC=CC2=C1NC3=C2C=CC(=C3)OC.Cl,"InChI=1S/C13H12N2O.ClH/c1-8-13-11(5-6-14-8)10-4-3-9(16-2)7-12(10)15-13;/h3-7,15H,1-2H3;1H",VNPLYCKZIUTKJM-UHFFFAOYSA-N,COc1ccc2c(c1)[nH]c1c(C)nccc12.Cl,COc1ccc2c(c1)[nH]c1c(C)nccc12,2,16,33
Hoechst 33258,Hoechst 33258,2392,exact-name,fragment-parent,Exact competition name resolved to this CID as the first PubChem result.,treatment,True,True,True,train,val_strain_only;val_time,test_strain_only;test_time,Bisbenzimidazole,4-[6-[6-(4-methylpiperazin-1-yl)-1H-benzimidazol-2-yl]-1H-benzimidazol-2-yl]phenol,C25H24N6O,424.5,CN1CCN(CC1)C2=CC3=C(C=C2)N=C(N3)C4=CC5=C(C=C4)N=C(N5)C6=CC=C(C=C6)O,CN1CCN(CC1)C2=CC3=C(C=C2)N=C(N3)C4=CC5=C(C=C4)N=C(N5)C6=CC=C(C=C6)O,"InChI=1S/C25H24N6O/c1-30-10-12-31(13-11-30)18-5-9-21-23(15-18)29-25(27-21)17-4-8-20-22(14-17)28-24(26-20)16-2-6-19(32)7-3-16/h2-9,14-15,32H,10-13H2,1H3,(H,26,28)(H,27,29)",INAAIJLSXJJHOZ-UHFFFAOYSA-N,CN1CCN(c2ccc3nc(-c4ccc5nc(-c6ccc(O)cc6)[nH]c5c4)[nH]c3c2)CC1,CN1CCN(c2ccc3nc(-c4ccc5nc(-c6ccc(O)cc6)[nH]c5c4)[nH]c3c2)CC1,1,32,42
Hydroxyurea,Hydroxyurea,3657,exact-name,fragment-parent,Exact competition name resolved to this CID as the first PubChem result.,treatment,False,True,True,,val_both;val_chem_only,test_both,Hydroxyurea,hydroxyurea,CH4N2O2,76.055,C(=O)(N)NO,C(=O)(N)NO,"InChI=1S/CH4N2O2/c2-1(4)3-5/h5H,(H3,2,3,4)",VSNHCAURESNICA-UHFFFAOYSA-N,NC(=O)NO,NC(=O)NO,1,5,10
Hygromycin B,Hygromycin B,56928061,exact-name,fragment-parent,Exact competition name resolved to this CID as the first PubChem result.,treatment,False,False,True,,,test_both;test_chem_only,Hygromycin B,"(3'R,3aS,4S,4'S,5'R,6R,6'R,7S,7aS)-4-[(1R,2S,3R,5S,6R)-3-amino-2,6-dihydroxy-5-(methylamino)cyclohexyl]oxy-6'-[(1S)-1-amino-2-hydroxyethyl]-6-(hydroxymethyl)spiro[4,6,7,7a-tetrahydro-3aH-[1,3]dioxolo[4,5-c]pyran-2,2'-oxane]-3',4',5',7-tetrol",C20H37N3O13,527.5,CN[C@H]1C[C@H]([C@@H]([C@H]([C@@H]1O)O[C@H]2[C@@H]3[C@H]([C@H]([C@H](O2)CO)O)OC4(O3)[C@@H]([C@H]([C@H]([C@H](O4)[C@H](CO)N)O)O)O)O)N,CNC1CC(C(C(C1O)OC2C3C(C(C(O2)CO)O)OC4(O3)C(C(C(C(O4)C(CO)N)O)O)O)O)N,"InChI=1S/C20H37N3O13/c1-23-7-2-5(21)9(26)15(10(7)27)33-19-17-16(11(28)8(4-25)32-19)35-20(36-17)18(31)13(30)12(29)14(34-20)6(22)3-24/h5-19,23-31H,2-4,21-22H2,1H3/t5-,6+,7+,8-,9+,10-,11+,12-,13+,14-,15-,16+,17+,18-,19+,20?/m1/s1",GRRNUXAQVGOGFE-HUCHGKBZSA-N,CN[C@H]1C[C@@H](N)[C@H](O)[C@@H](O[C@@H]2O[C@H](CO)[C@H](O)[C@@H]3OC4(O[C@H]23)O[C@H]([C@@H](N)CO)[C@H](O)[C@H](O)[C@H]4O)[C@@H]1O,CN[C@H]1C[C@@H](N)[C@H](O)[C@@H](O[C@@H]2O[C@H](CO)[C@H](O)[C@@H]3OC4(O[C@H]23)O[C@H]([C@@H](N)CO)[C@H](O)[C@H](O)[C@H]4O)[C@@H]1O,1,36,57
LY 294002 hydrochloride,LY 294002 hydrochloride,11957589,exact-name,fragment-parent,Exact competition name resolved to this CID as the first PubChem result.,treatment,True,True,True,train,val_strain_only;val_time,test_strain_only;test_time,2-Morpholin-4-yl-8-phenylchromen-4-one;hydrochloride,2-morpholin-4-yl-8-phenylchromen-4-one;hydrochloride,C19H18ClNO3,343.8,C1COCCN1C2=CC(=O)C3=C(O2)C(=CC=C3)C4=CC=CC=C4.Cl,C1COCCN1C2=CC(=O)C3=C(O2)C(=CC=C3)C4=CC=CC=C4.Cl,"InChI=1S/C19H17NO3.ClH/c21-17-13-18(20-9-11-22-12-10-20)23-19-15(7-4-8-16(17)19)14-5-2-1-3-6-14;/h1-8,13H,9-12H2;1H",OQZQSRICUOWBLW-UHFFFAOYSA-N,Cl.O=c1cc(N2CCOCC2)oc2c(-c3ccccc3)cccc12,O=c1cc(N2CCOCC2)oc2c(-c3ccccc3)cccc12,2,23,39
MMS,MMS,4156,exact-name,fragment-parent,Exact competition name resolved to this CID as the first PubChem result.,treatment,False,False,True,,,test_both;test_chem_only,Methyl Methanesulfonate,methyl methanesulfonate,C2H6O3S,110.13,COS(=O)(=O)C,COS(=O)(=O)C,"InChI=1S/C2H6O3S/c1-5-6(2,3)4/h1-2H3",MBABOKRGFJTBAE-UHFFFAOYSA-N,COS(C)(=O)=O,COS(C)(=O)=O,1,6,10
NaCl,NaCl,5234,exact-name,full-record,Keep both ions; largest-fragment standardization is not meaningful for this control compound.,treatment,True,True,True,train,val_strain_only;val_time,test_strain_only;test_time,Sodium Chloride,sodium chloride,ClNa,58.44,[Na+].[Cl-],[Na+].[Cl-],InChI=1S/ClH.Na/h1H;/q;+1/p-1,FAPWRFPIFSIZLT-UHFFFAOYSA-M,[Cl-].[Na+],[Cl-].[Na+],2,2,2
Neomycin B,Neomycin B,8378,exact-name,fragment-parent,Exact competition name resolved to this CID as the first PubChem result.,treatment,False,False,True,,,test_both;test_chem_only,Neomycin,"(2R,3S,4R,5R,6R)-5-amino-2-(aminomethyl)-6-[(1R,2R,3S,4R,6S)-4,6-diamino-2-[(2S,3R,4S,5R)-4-[(2R,3R,4R,5S,6S)-3-amino-6-(aminomethyl)-4,5-dihydroxyoxan-2-yl]oxy-3-hydroxy-5-(hydroxymethyl)oxolan-2-yl]oxy-3-hydroxycyclohexyl]oxyoxane-3,4-diol",C23H46N6O13,614.6,C1[C@H]([C@@H]([C@H]([C@@H]([C@H]1N)O[C@@H]2[C@@H]([C@H]([C@@H]([C@H](O2)CN)O)O)N)O[C@H]3[C@@H]([C@@H]([C@H](O3)CO)O[C@@H]4[C@@H]([C@H]([C@@H]([C@@H](O4)CN)O)O)N)O)O)N,C1C(C(C(C(C1N)OC2C(C(C(C(O2)CN)O)O)N)OC3C(C(C(O3)CO)OC4C(C(C(C(O4)CN)O)O)N)O)O)N,"InChI=1S/C23H46N6O13/c24-2-7-13(32)15(34)10(28)21(37-7)40-18-6(27)1-5(26)12(31)20(18)42-23-17(36)19(9(4-30)39-23)41-22-11(29)16(35)14(33)8(3-25)38-22/h5-23,30-36H,1-4,24-29H2/t5-,6+,7-,8+,9-,10-,11-,12+,13-,14-,15-,16-,17-,18-,19-,20-,21-,22-,23+/m1/s1",PGBHMTALBVVCIT-VCIWKGPPSA-N,NC[C@@H]1O[C@H](O[C@H]2[C@@H](O)[C@H](O[C@@H]3[C@@H](O)[C@H](N)C[C@H](N)[C@H]3O[C@H]3O[C@H](CN)[C@@H](O)[C@H](O)[C@H]3N)O[C@@H]2CO)[C@H](N)[C@@H](O)[C@@H]1O,NC[C@@H]1O[C@H](O[C@H]2[C@@H](O)[C@H](O[C@@H]3[C@@H](O)[C@H](N)C[C@H](N)[C@H]3O[C@H]3O[C@H](CN)[C@@H](O)[C@H](O)[C@H]3N)O[C@@H]2CO)[C@H](N)[C@@H](O)[C@@H]1O,1,42,49
Nigericin,Nigericin,34230,exact-name,fragment-parent,Exact competition name resolved to this CID as the first PubChem result.,treatment,True,True,True,train,val_strain_only;val_time,test_strain_only;test_time,Nigericin,"(2R)-2-[(2R,3S,6R)-6-[[(2S,4R,5R,6R,7R,9R)-2-[(2R,5S)-5-[(2R,3S,5R)-5-[(2S,3S,5R,6R)-6-hydroxy-6-(hydroxymethyl)-3,5-dimethyloxan-2-yl]-3-methyloxolan-2-yl]-5-methyloxolan-2-yl]-7-methoxy-2,4,6-trimethyl-1,10-dioxaspiro[4.5]decan-9-yl]methyl]-3-methyloxan-2-yl]propanoic acid",C40H68O11,725.0,C[C@H]1CC[C@@H](O[C@H]1[C@@H](C)C(=O)O)C[C@@H]2C[C@H]([C@H]([C@@]3(O2)[C@@H](C[C@@](O3)(C)[C@H]4CC[C@@](O4)(C)[C@H]5[C@H](C[C@@H](O5)[C@@H]6[C@H](C[C@H]([C@@](O6)(CO)O)C)C)C)C)C)OC,CC1CCC(OC1C(C)C(=O)O)CC2CC(C(C3(O2)C(CC(O3)(C)C4CCC(O4)(C)C5C(CC(O5)C6C(CC(C(O6)(CO)O)C)C)C)C)C)OC,"InChI=1S/C40H68O11/c1-21-11-12-28(46-33(21)26(6)36(42)43)17-29-18-30(45-10)27(7)40(48-29)25(5)19-38(9,51-40)32-13-14-37(8,49-32)35-23(3)16-31(47-35)34-22(2)15-24(4)39(44,20-41)50-34/h21-35,41,44H,11-20H2,1-10H3,(H,42,43)/t21-,22-,23-,24+,25+,26+,27+,28+,29+,30+,31+,32+,33+,34-,35+,37-,38-,39-,40+/m0/s1",DANUORFCFTYTSZ-SJSJOXFOSA-N,CO[C@@H]1C[C@@H](C[C@H]2CC[C@H](C)[C@H]([C@@H](C)C(=O)O)O2)O[C@]2(O[C@](C)([C@H]3CC[C@@](C)([C@@H]4O[C@@H]([C@H]5O[C@@](O)(CO)[C@H](C)C[C@@H]5C)C[C@@H]4C)O3)C[C@H]2C)[C@@H]1C,CO[C@@H]1C[C@@H](C[C@H]2CC[C@H](C)[C@H]([C@@H](C)C(=O)O)O2)O[C@]2(O[C@](C)([C@H]3CC[C@@](C)([C@@H]4O[C@@H]([C@H]5O[C@@](O)(CO)[C@H](C)C[C@@H]5C)C[C@@H]4C)O3)C[C@H]2C)[C@@H]1C,1,51,80
Nocodazole,Nocodazole,4122,exact-name,fragment-parent,Exact competition name resolved to this CID as the first PubChem result.,treatment,True,True,True,train,val_strain_only;val_time,test_strain_only;test_time,Nocodazole,methyl N-[6-(thiophene-2-carbonyl)-1H-benzimidazol-2-yl]carbamate,C14H11N3O3S,301.32,COC(=O)NC1=NC2=C(N1)C=C(C=C2)C(=O)C3=CC=CS3,COC(=O)NC1=NC2=C(N1)C=C(C=C2)C(=O)C3=CC=CS3,"InChI=1S/C14H11N3O3S/c1-20-14(19)17-13-15-9-5-4-8(7-10(9)16-13)12(18)11-3-2-6-21-11/h2-7H,1H3,(H2,15,16,17,19)",KYRVNWMVYQXFEU-UHFFFAOYSA-N,COC(=O)Nc1nc2ccc(C(=O)c3cccs3)cc2[nH]1,COC(=O)Nc1nc2ccc(C(=O)c3cccs3)cc2[nH]1,1,21,45
Nystatin dihydrate,Nystatin dihydrate,154809619,exact-name,fragment-parent,Exact competition name resolved to this CID as the first PubChem result.,treatment,True,True,True,train,val_strain_only;val_time,test_strain_only;test_time,Nystatin dihydrate,"(19E,21E,25E,27E,29E)-33-[(2R,3S,4S,5S,6R)-4-amino-3,5-dihydroxy-6-methyloxan-2-yl]oxy-1,3,4,7,9,11,17,37-octahydroxy-15,16,18-trimethyl-13-oxo-14,39-dioxabicyclo[33.3.1]nonatriaconta-19,21,25,27,29,31-hexaene-36-carboxylic acid;dihydrate",C47H79NO19,962.1,C[C@@H]1[C@H]([C@@H]([C@@H]([C@@H](O1)OC2CC3C(C(CC(O3)(CC(C(CCC(CC(CC(CC(=O)OC(C(C(C(/C=C/C=C/CC/C=C/C=C/C=C/C=C2)C)O)C)C)O)O)O)O)O)O)O)C(=O)O)O)N)O.O.O,CC1C=CC=CCCC=CC=CC=CC=CC(CC2C(C(CC(O2)(CC(C(CCC(CC(CC(CC(=O)OC(C(C1O)C)C)O)O)O)O)O)O)O)C(=O)O)OC3C(C(C(C(O3)C)O)N)O.O.O,"InChI=1S/C47H75NO17.2H2O/c1-27-17-15-13-11-9-7-5-6-8-10-12-14-16-18-34(64-46-44(58)41(48)43(57)30(4)63-46)24-38-40(45(59)60)37(54)26-47(61,65-38)25-36(53)35(52)20-19-31(49)21-32(50)22-33(51)23-39(55)62-29(3)28(2)42(27)56;;/h5-6,8,10-18,27-38,40-44,46,49-54,56-58,61H,7,9,19-26,48H2,1-4H3,(H,59,60);2*1H2/b6-5+,10-8+,13-11+,14-12+,17-15+,18-16?;;/t27?,28?,29?,30-,31?,32?,33?,34?,35?,36?,37?,38?,40?,41+,42?,43-,44+,46+,47?;;/m1../s1",VXWFKTGGEJLHPP-LYAKXBBJSA-N,CC1/C=C/C=C/CC/C=C/C=C/C=C/C=CC(O[C@@H]2O[C@H](C)[C@@H](O)[C@H](N)[C@@H]2O)CC2OC(O)(CC(O)C(O)CCC(O)CC(O)CC(O)CC(=O)OC(C)C(C)C1O)CC(O)C2C(=O)O.O.O,CC1/C=C/C=C/CC/C=C/C=C/C=C/C=CC(O[C@@H]2O[C@H](C)[C@@H](O)[C@H](N)[C@@H]2O)CC2OC(O)(CC(O)C(O)CCC(O)CC(O)CC(O)CC(=O)OC(C)C(C)C1O)CC(O)C2C(=O)O,3,65,86
Oligomycin,Oligomycin A,52947716,curated-alias,fragment-parent,Family-level name returns 404; represented by Oligomycin A.,treatment,True,True,True,train,val_strain_only;val_time,test_strain_only;test_time,Oligomycin A,"(1R,4E,5'S,6S,6'S,7R,8S,10R,11R,12S,14R,15S,16R,18E,20E,22R,25S,27R,28S,29R)-22-ethyl-7,11,14,15-tetrahydroxy-6'-[(2R)-2-hydroxypropyl]-5',6,8,10,12,14,16,28,29-nonamethylspiro[2,26-dioxabicyclo[23.3.1]nonacosa-4,18,20-triene-27,2'-oxane]-3,9,13-trione",C45H74O11,791.1,CC[C@@H]\1CC[C@H]2[C@H]([C@H]([C@@H]([C@]3(O2)CC[C@@H]([C@@H](O3)C[C@@H](C)O)C)C)OC(=O)/C=C/[C@@H]([C@H]([C@@H](C(=O)[C@@H]([C@H]([C@@H](C(=O)[C@]([C@H]([C@@H](C/C=C/C=C1)C)O)(C)O)C)O)C)C)O)C)C,CCC1CCC2C(C(C(C3(O2)CCC(C(O3)CC(C)O)C)C)OC(=O)C=CC(C(C(C(=O)C(C(C(C(=O)C(C(C(CC=CC=C1)C)O)(C)O)C)O)C)C)O)C)C,"InChI=1S/C45H74O11/c1-12-34-17-15-13-14-16-27(4)42(51)44(11,53)43(52)32(9)40(50)31(8)39(49)30(7)38(48)26(3)18-21-37(47)54-41-29(6)35(20-19-34)55-45(33(41)10)23-22-25(2)36(56-45)24-28(5)46/h13-15,17-18,21,25-36,38,40-42,46,48,50-51,53H,12,16,19-20,22-24H2,1-11H3/b14-13+,17-15+,21-18+/t25-,26-,27+,28+,29+,30-,31-,32-,33-,34-,35-,36-,38+,40+,41+,42-,44+,45-/m0/s1",MNULEGDCPYONBU-AWJDAWNUSA-N,CC[C@H]1/C=C/C=C/C[C@@H](C)[C@H](O)[C@@](C)(O)C(=O)[C@@H](C)[C@H](O)[C@@H](C)C(=O)[C@@H](C)[C@H](O)[C@@H](C)/C=C/C(=O)O[C@@H]2[C@H](C)[C@H](CC1)O[C@]1(CC[C@H](C)[C@H](C[C@@H](C)O)O1)[C@H]2C,CC[C@H]1/C=C/C=C/C[C@@H](C)[C@H](O)[C@@](C)(O)C(=O)[C@@H](C)[C@H](O)[C@@H](C)C(=O)[C@@H](C)[C@H](O)[C@@H](C)/C=C/C(=O)O[C@@H]2[C@H](C)[C@H](CC1)O[C@]1(CC[C@H](C)[C@H](C[C@@H](C)O)O1)[C@H]2C,1,56,85
Parthenolide,Parthenolide,6473881,exact-name,fragment-parent,Exact competition name resolved to this CID as the first PubChem result.,treatment,True,True,True,train,val_strain_only;val_time,test_strain_only;test_time,Parthenolide,"(1S,2S,4R,7E,11S)-4,8-dimethyl-12-methylidene-3,14-dioxatricyclo[9.3.0.02,4]tetradec-7-en-13-one",C15H20O3,248.32,C/C/1=C\CC[C@@]2([C@@H](O2)[C@@H]3[C@@H](CC1)C(=C)C(=O)O3)C,CC1=CCCC2(C(O2)C3C(CC1)C(=C)C(=O)O3)C,"InChI=1S/C15H20O3/c1-9-5-4-8-15(3)13(18-15)12-11(7-6-9)10(2)14(16)17-12/h5,11-13H,2,4,6-8H2,1,3H3/b9-5+/t11-,12-,13-,15+/m0/s1",KTEXNACQROZXEV-SLXBATTESA-N,C=C1C(=O)O[C@H]2[C@H]1CC/C(C)=C/CC[C@@]1(C)O[C@@H]21,C=C1C(=O)O[C@H]2[C@H]1CC/C(C)=C/CC[C@@]1(C)O[C@@H]21,1,18,41
Pentamidine isethionate,Pentamidine isethionate,8813,exact-name,fragment-parent,Exact competition name resolved to this CID as the first PubChem result.,treatment,False,True,True,,val_both;val_chem_only,test_both,Pentamidine Isethionate,4-[5-(4-carbamimidoylphenoxy)pentoxy]benzenecarboximidamide;bis(2-hydroxyethanesulfonic acid),C23H36N4O10S2,592.7,C1=CC(=CC=C1C(=N)N)OCCCCCOC2=CC=C(C=C2)C(=N)N.C(CS(=O)(=O)O)O.C(CS(=O)(=O)O)O,C1=CC(=CC=C1C(=N)N)OCCCCCOC2=CC=C(C=C2)C(=N)N.C(CS(=O)(=O)O)O.C(CS(=O)(=O)O)O,"InChI=1S/C19H24N4O2.2C2H6O4S/c20-18(21)14-4-8-16(9-5-14)24-12-2-1-3-13-25-17-10-6-15(7-11-17)19(22)23;2*3-1-2-7(4,5)6/h4-11H,1-3,12-13H2,(H3,20,21)(H3,22,23);2*3H,1-2H2,(H,4,5,6)",YBVNFKZSMZGRAD-UHFFFAOYSA-N,N=C(N)c1ccc(OCCCCCOc2ccc(C(=N)N)cc2)cc1.O=S(=O)(O)CCO.O=S(=O)(O)CCO,N=C(N)c1ccc(OCCCCCOc2ccc(C(=N)N)cc2)cc1,3,25,24
Plumbagin,Plumbagin,10205,exact-name,fragment-parent,Exact competition name resolved to this CID as the first PubChem result.,treatment,False,False,True,,,test_both;test_chem_only,Plumbagin,"5-hydroxy-2-methylnaphthalene-1,4-dione",C11H8O3,188.18,CC1=CC(=O)C2=C(C1=O)C=CC=C2O,CC1=CC(=O)C2=C(C1=O)C=CC=C2O,"InChI=1S/C11H8O3/c1-6-5-9(13)10-7(11(6)14)3-2-4-8(10)12/h2-5,12H,1H3",VCMMXZQDRFWYSE-UHFFFAOYSA-N,CC1=CC(=O)c2c(O)cccc2C1=O,CC1=CC(=O)c2c(O)cccc2C1=O,1,14,27
Raloxifene hydrochloride,Raloxifene hydrochloride,54900,exact-name,fragment-parent,Exact competition name resolved to this CID as the first PubChem result.,treatment,False,True,True,,val_both;val_chem_only,test_both,Raloxifene Hydrochloride,[6-hydroxy-2-(4-hydroxyphenyl)-1-benzothiophen-3-yl]-[4-(2-piperidin-1-ylethoxy)phenyl]methanone;hydrochloride,C28H28ClNO4S,510.0,C1CCN(CC1)CCOC2=CC=C(C=C2)C(=O)C3=C(SC4=C3C=CC(=C4)O)C5=CC=C(C=C5)O.Cl,C1CCN(CC1)CCOC2=CC=C(C=C2)C(=O)C3=C(SC4=C3C=CC(=C4)O)C5=CC=C(C=C5)O.Cl,"InChI=1S/C28H27NO4S.ClH/c30-21-8-4-20(5-9-21)28-26(24-13-10-22(31)18-25(24)34-28)27(32)19-6-11-23(12-7-19)33-17-16-29-14-2-1-3-15-29;/h4-13,18,30-31H,1-3,14-17H2;1H",BKXVVCILCIUCLG-UHFFFAOYSA-N,Cl.O=C(c1ccc(OCCN2CCCCC2)cc1)c1c(-c2ccc(O)cc2)sc2cc(O)ccc12,O=C(c1ccc(OCCN2CCCCC2)cc1)c1c(-c2ccc(O)cc2)sc2cc(O)ccc12,2,34,51
Rapamycin,Rapamycin,5284616,exact-name,fragment-parent,Exact competition name resolved to this CID as the first PubChem result.,treatment,True,True,True,train,val_strain_only;val_time,test_strain_only;test_time,Sirolimus,"(1R,9S,12S,15R,16E,18R,19R,21R,23S,24E,26E,28E,30S,32S,35R)-1,18-dihydroxy-12-[(2R)-1-[(1S,3R,4R)-4-hydroxy-3-methoxycyclohexyl]propan-2-yl]-19,30-dimethoxy-15,17,21,23,29,35-hexamethyl-11,36-dioxa-4-azatricyclo[30.3.1.04,9]hexatriaconta-16,24,26,28-tetraene-2,3,10,14,20-pentone",C51H79NO13,914.2,C[C@@H]1CC[C@H]2C[C@@H](/C(=C/C=C/C=C/[C@H](C[C@H](C(=O)[C@@H]([C@@H](/C(=C/[C@H](C(=O)C[C@H](OC(=O)[C@@H]3CCCCN3C(=O)C(=O)[C@@]1(O2)O)[C@H](C)C[C@@H]4CC[C@H]([C@@H](C4)OC)O)C)/C)O)OC)C)C)/C)OC,CC1CCC2CC(C(=CC=CC=CC(CC(C(=O)C(C(C(=CC(C(=O)CC(OC(=O)C3CCCCN3C(=O)C(=O)C1(O2)O)C(C)CC4CCC(C(C4)OC)O)C)C)O)OC)C)C)C)OC,"InChI=1S/C51H79NO13/c1-30-16-12-11-13-17-31(2)42(61-8)28-38-21-19-36(7)51(60,65-38)48(57)49(58)52-23-15-14-18-39(52)50(59)64-43(33(4)26-37-20-22-40(53)44(27-37)62-9)29-41(54)32(3)25-35(6)46(56)47(63-10)45(55)34(5)24-30/h11-13,16-17,25,30,32-34,36-40,42-44,46-47,53,56,60H,14-15,18-24,26-29H2,1-10H3/b13-11+,16-12+,31-17+,35-25+/t30-,32-,33-,34-,36-,37+,38+,39+,40-,42+,43+,44-,46-,47+,51-/m1/s1",QFJCIRLUMZQUOT-HPLJOQBZSA-N,CO[C@H]1C[C@@H]2CC[C@@H](C)[C@@](O)(O2)C(=O)C(=O)N2CCCC[C@H]2C(=O)O[C@H]([C@H](C)C[C@@H]2CC[C@@H](O)[C@H](OC)C2)CC(=O)[C@H](C)/C=C(\C)[C@@H](O)[C@@H](OC)C(=O)[C@H](C)C[C@H](C)/C=C/C=C/C=C/1C,CO[C@H]1C[C@@H]2CC[C@@H](C)[C@@](O)(O2)C(=O)C(=O)N2CCCC[C@H]2C(=O)O[C@H]([C@H](C)C[C@@H]2CC[C@@H](O)[C@H](OC)C2)CC(=O)[C@H](C)/C=C(\C)[C@@H](O)[C@@H](OC)C(=O)[C@H](C)C[C@H](C)/C=C/C=C/C=C/1C,1,65,101
SDS,Sodium dodecyl sulfate,3423265,curated-alias,fragment-parent,Exact abbreviation returns 404; expanded to sodium dodecyl sulfate.,treatment,True,True,True,train,val_strain_only;val_time,test_strain_only;test_time,Sodium Lauryl Sulfate,sodium dodecyl sulfate,C12H25NaO4S,288.38,CCCCCCCCCCCCOS(=O)(=O)[O-].[Na+],CCCCCCCCCCCCOS(=O)(=O)[O-].[Na+],"InChI=1S/C12H26O4S.Na/c1-2-3-4-5-6-7-8-9-10-11-12-16-17(13,14)15;/h2-12H2,1H3,(H,13,14,15);/q;+1/p-1",DBMJMQXJHONAFJ-UHFFFAOYSA-M,CCCCCCCCCCCCOS(=O)(=O)[O-].[Na+],CCCCCCCCCCCCOS(=O)(=O)[O-],2,17,21
Sorbitol,Sorbitol,5780,exact-name,fragment-parent,Exact competition name resolved to this CID as the first PubChem result.,treatment,True,True,True,train,val_strain_only;val_time,test_strain_only;test_time,Sorbitol,"(2R,3R,4R,5S)-hexane-1,2,3,4,5,6-hexol",C6H14O6,182.17,C([C@H]([C@H]([C@@H]([C@H](CO)O)O)O)O)O,C(C(C(C(C(CO)O)O)O)O)O,"InChI=1S/C6H14O6/c7-1-3(9)5(11)6(12)4(10)2-8/h3-12H,1-2H2/t3-,4+,5-,6-/m1/s1",FBPFZTCFMRRESA-JGWLITMVSA-N,OC[C@@H](O)[C@@H](O)[C@H](O)[C@@H](O)CO,OC[C@@H](O)[C@@H](O)[C@H](O)[C@@H](O)CO,1,12,15
Staurosporine,Staurosporine,44259,exact-name,fragment-parent,Exact competition name resolved to this CID as the first PubChem result.,treatment,True,True,True,train,val_strain_only;val_time,test_strain_only,Staurosporine,"(2S,3R,4R,6R)-3-methoxy-2-methyl-4-(methylamino)-29-oxa-1,7,17-triazaoctacyclo[12.12.2.12,6.07,28.08,13.015,19.020,27.021,26]nonacosa-8,10,12,14,19,21,23,25,27-nonaen-16-one",C28H26N4O3,466.5,C[C@@]12[C@@H]([C@@H](C[C@@H](O1)N3C4=CC=CC=C4C5=C6C(=C7C8=CC=CC=C8N2C7=C53)CNC6=O)NC)OC,CC12C(C(CC(O1)N3C4=CC=CC=C4C5=C6C(=C7C8=CC=CC=C8N2C7=C53)CNC6=O)NC)OC,"InChI=1S/C28H26N4O3/c1-28-26(34-3)17(29-2)12-20(35-28)31-18-10-6-4-8-14(18)22-23-16(13-30-27(23)33)21-15-9-5-7-11-19(15)32(28)25(21)24(22)31/h4-11,17,20,26,29H,12-13H2,1-3H3,(H,30,33)/t17-,20-,26-,28+/m1/s1",HKSZLNNOFSGOKW-FYTWVXJKSA-N,CN[C@@H]1C[C@H]2O[C@@](C)([C@@H]1OC)n1c3ccccc3c3c4c(c5c6ccccc6n2c5c31)C(=O)NC4,CN[C@@H]1C[C@H]2O[C@@](C)([C@@H]1OC)n1c3ccccc3c3c4c(c5c6ccccc6n2c5c31)C(=O)NC4,1,35,60
Sulfometuron methyl,Sulfometuron methyl,52997,exact-name,fragment-parent,Exact competition name resolved to this CID as the first PubChem result.,treatment,False,True,True,,val_both;val_chem_only,test_both,Sulfometuron-methyl,"methyl 2-[(4,6-dimethylpyrimidin-2-yl)carbamoylsulfamoyl]benzoate",C15H16N4O5S,364.4,CC1=CC(=NC(=N1)NC(=O)NS(=O)(=O)C2=CC=CC=C2C(=O)OC)C,CC1=CC(=NC(=N1)NC(=O)NS(=O)(=O)C2=CC=CC=C2C(=O)OC)C,"InChI=1S/C15H16N4O5S/c1-9-8-10(2)17-14(16-9)18-15(21)19-25(22,23)12-7-5-4-6-11(12)13(20)24-3/h4-8H,1-3H3,(H2,16,17,18,19,21)",ZDXMLEQEMNLCQG-UHFFFAOYSA-N,COC(=O)c1ccccc1S(=O)(=O)NC(=O)Nc1nc(C)cc(C)n1,COC(=O)c1ccccc1S(=O)(=O)NC(=O)Nc1nc(C)cc(C)n1,1,25,41
Tamoxifen,Tamoxifen,2733526,exact-name,fragment-parent,Exact competition name resolved to this CID as the first PubChem result.,treatment,False,False,True,,,test_both;test_chem_only,Tamoxifen,"2-[4-[(Z)-1,2-diphenylbut-1-enyl]phenoxy]-N,N-dimethylethanamine",C26H29NO,371.5,CC/C(=C(\C1=CC=CC=C1)/C2=CC=C(C=C2)OCCN(C)C)/C3=CC=CC=C3,CCC(=C(C1=CC=CC=C1)C2=CC=C(C=C2)OCCN(C)C)C3=CC=CC=C3,"InChI=1S/C26H29NO/c1-4-25(21-11-7-5-8-12-21)26(22-13-9-6-10-14-22)23-15-17-24(18-16-23)28-20-19-27(2)3/h5-18H,4,19-20H2,1-3H3/b26-25-",NKANXQFJJICGDU-QPLCGJKRSA-N,CC/C(=C(\c1ccccc1)c1ccc(OCCN(C)C)cc1)c1ccccc1,CC/C(=C(\c1ccccc1)c1ccc(OCCN(C)C)cc1)c1ccccc1,1,28,35
Trichostatin A,Trichostatin A,444732,exact-name,fragment-parent,Exact competition name resolved to this CID as the first PubChem result.,treatment,True,True,True,train,val_strain_only;val_time,test_strain_only;test_time,Trichostatin A,"(2E,4E,6R)-7-[4-(dimethylamino)phenyl]-N-hydroxy-4,6-dimethyl-7-oxohepta-2,4-dienamide",C17H22N2O3,302.37,C[C@H](/C=C(\C)/C=C/C(=O)NO)C(=O)C1=CC=C(C=C1)N(C)C,CC(C=C(C)C=CC(=O)NO)C(=O)C1=CC=C(C=C1)N(C)C,"InChI=1S/C17H22N2O3/c1-12(5-10-16(20)18-22)11-13(2)17(21)14-6-8-15(9-7-14)19(3)4/h5-11,13,22H,1-4H3,(H,18,20)/b10-5+,12-11+/t13-/m1/s1",RTKIYFITIVXBLE-QEQCGCAPSA-N,CC(/C=C/C(=O)NO)=C\[C@@H](C)C(=O)c1ccc(N(C)C)cc1,CC(/C=C/C(=O)NO)=C\[C@@H](C)C(=O)c1ccc(N(C)C)cc1,1,22,37
Trifluoperazine dihydrochloride,Trifluoperazine dihydrochloride,66064,exact-name,fragment-parent,Exact competition name resolved to this CID as the first PubChem result.,treatment,True,True,True,train,val_strain_only;val_time,test_strain_only;test_time,Trifluoperazine Hydrochloride,10-[3-(4-methylpiperazin-1-yl)propyl]-2-(trifluoromethyl)phenothiazine;dihydrochloride,C21H26Cl2F3N3S,480.4,CN1CCN(CC1)CCCN2C3=CC=CC=C3SC4=C2C=C(C=C4)C(F)(F)F.Cl.Cl,CN1CCN(CC1)CCCN2C3=CC=CC=C3SC4=C2C=C(C=C4)C(F)(F)F.Cl.Cl,"InChI=1S/C21H24F3N3S.2ClH/c1-25-11-13-26(14-12-25)9-4-10-27-17-5-2-3-6-19(17)28-20-8-7-16(15-18(20)27)21(22,23)24;;/h2-3,5-8,15H,4,9-14H2,1H3;2*1H",BXDAOUXDMHXPDI-UHFFFAOYSA-N,CN1CCN(CCCN2c3ccccc3Sc3ccc(C(F)(F)F)cc32)CC1.Cl.Cl,CN1CCN(CCCN2c3ccccc3Sc3ccc(C(F)(F)F)cc32)CC1,3,28,44
Tunicamycin,Tunicamycin A,11104835,curated-alias,fragment-parent,Family-level name returns 404; represented by Tunicamycin A (first PubChem alias result; mixture limitation flagged).,treatment,True,True,True,train,val_strain_only;val_time,test_strain_only;test_time,Tunicamycin B2,"(E)-N-[(2S,3R,4R,5R,6R)-2-[(2R,3R,4R,5S,6R)-3-acetamido-4,5-dihydroxy-6-(hydroxymethyl)oxan-2-yl]oxy-6-[(2R)-2-[(2R,3S,4R,5R)-5-(2,4-dioxopyrimidin-1-yl)-3,4-dihydroxyoxolan-2-yl]-2-hydroxyethyl]-4,5-dihydroxyoxan-3-yl]-13-methyltetradec-2-enamide",C38H62N4O16,830.9,CC(C)CCCCCCCCC/C=C/C(=O)N[C@@H]1[C@H]([C@H]([C@H](O[C@H]1O[C@@H]2[C@@H]([C@H]([C@@H]([C@H](O2)CO)O)O)NC(=O)C)C[C@H]([C@@H]3[C@H]([C@H]([C@@H](O3)N4C=CC(=O)NC4=O)O)O)O)O)O,CC(C)CCCCCCCCCC=CC(=O)NC1C(C(C(OC1OC2C(C(C(C(O2)CO)O)O)NC(=O)C)CC(C3C(C(C(O3)N4C=CC(=O)NC4=O)O)O)O)O)O,"InChI=1S/C38H62N4O16/c1-19(2)13-11-9-7-5-4-6-8-10-12-14-24(46)40-27-31(51)28(48)22(55-37(27)58-36-26(39-20(3)44)30(50)29(49)23(18-43)56-36)17-21(45)34-32(52)33(53)35(57-34)42-16-15-25(47)41-38(42)54/h12,14-16,19,21-23,26-37,43,45,48-53H,4-11,13,17-18H2,1-3H3,(H,39,44)(H,40,46)(H,41,47,54)/b14-12+/t21-,22-,23-,26-,27-,28+,29-,30-,31-,32+,33-,34-,35-,36-,37+/m1/s1",MEYZYGMYMLNUHJ-DIRMKAHISA-N,CC(=O)N[C@H]1[C@@H](O[C@@H]2O[C@H](C[C@@H](O)[C@H]3O[C@@H](n4ccc(=O)[nH]c4=O)[C@H](O)[C@@H]3O)[C@H](O)[C@H](O)[C@H]2NC(=O)/C=C/CCCCCCCCCC(C)C)O[C@H](CO)[C@@H](O)[C@@H]1O,CC(=O)N[C@H]1[C@@H](O[C@@H]2O[C@H](C[C@@H](O)[C@H]3O[C@@H](n4ccc(=O)[nH]c4=O)[C@H](O)[C@@H]3O)[C@H](O)[C@H](O)[C@H]2NC(=O)/C=C/CCCCCCCCCC(C)C)O[C@H](CO)[C@@H](O)[C@@H]1O,1,58,85
U-73122,U-73122,104794,exact-name,fragment-parent,Exact competition name resolved to this CID as the first PubChem result.,treatment,True,True,True,train,val_strain_only;val_time,test_strain_only;test_time,"1-(6-(((17beta)-3-Methoxyestra-1,3,5(10)-trien-17-yl)amino)hexyl)-1H-pyrrole-2,5-dione","1-[6-[[(8R,9S,13S,14S,17S)-3-methoxy-13-methyl-6,7,8,9,11,12,14,15,16,17-decahydrocyclopenta[a]phenanthren-17-yl]amino]hexyl]pyrrole-2,5-dione",C29H40N2O3,464.6,C[C@]12CC[C@H]3[C@H]([C@@H]1CC[C@@H]2NCCCCCCN4C(=O)C=CC4=O)CCC5=C3C=CC(=C5)OC,CC12CCC3C(C1CCC2NCCCCCCN4C(=O)C=CC4=O)CCC5=C3C=CC(=C5)OC,"InChI=1S/C29H40N2O3/c1-29-16-15-23-22-10-8-21(34-2)19-20(22)7-9-24(23)25(29)11-12-26(29)30-17-5-3-4-6-18-31-27(32)13-14-28(31)33/h8,10,13-14,19,23-26,30H,3-7,9,11-12,15-18H2,1-2H3/t23-,24-,25+,26+,29+/m1/s1",LUFAORPFSVMJIW-ZRJUGLEFSA-N,COc1ccc2c(c1)CC[C@@H]1[C@@H]2CC[C@]2(C)[C@@H](NCCCCCCN3C(=O)C=CC3=O)CC[C@@H]12,COc1ccc2c(c1)CC[C@@H]1[C@@H]2CC[C@]2(C)[C@@H](NCCCCCCN3C(=O)C=CC3=O)CC[C@@H]12,1,34,62
Valinomycin,Valinomycin,3000706,exact-name,fragment-parent,Exact competition name resolved to this CID as the first PubChem result.,treatment,True,True,True,train,val_strain_only;val_time,test_strain_only;test_time,Valinomycin,"(3S,6S,9R,12R,15S,18S,21R,24R,27S,30S,33R,36R)-6,18,30-trimethyl-3,9,12,15,21,24,27,33,36-nona(propan-2-yl)-1,7,13,19,25,31-hexaoxa-4,10,16,22,28,34-hexazacyclohexatriacontane-2,5,8,11,14,17,20,23,26,29,32,35-dodecone",C54H90N6O18,1111.3,C[C@H]1C(=O)N[C@H](C(=O)O[C@@H](C(=O)N[C@@H](C(=O)O[C@H](C(=O)N[C@H](C(=O)O[C@@H](C(=O)N[C@@H](C(=O)O[C@H](C(=O)N[C@H](C(=O)O[C@@H](C(=O)N[C@@H](C(=O)O1)C(C)C)C(C)C)C(C)C)C)C(C)C)C(C)C)C(C)C)C)C(C)C)C(C)C)C(C)C,CC1C(=O)NC(C(=O)OC(C(=O)NC(C(=O)OC(C(=O)NC(C(=O)OC(C(=O)NC(C(=O)OC(C(=O)NC(C(=O)OC(C(=O)NC(C(=O)O1)C(C)C)C(C)C)C(C)C)C)C(C)C)C(C)C)C(C)C)C)C(C)C)C(C)C)C(C)C,"InChI=1S/C54H90N6O18/c1-22(2)34-49(67)73-31(19)43(61)55-38(26(9)10)53(71)77-41(29(15)16)47(65)59-36(24(5)6)51(69)75-33(21)45(63)57-39(27(11)12)54(72)78-42(30(17)18)48(66)60-35(23(3)4)50(68)74-32(20)44(62)56-37(25(7)8)52(70)76-40(28(13)14)46(64)58-34/h22-42H,1-21H3,(H,55,61)(H,56,62)(H,57,63)(H,58,64)(H,59,65)(H,60,66)/t31-,32-,33-,34+,35+,36+,37-,38-,39-,40+,41+,42+/m0/s1",FCFNRCROJUBPLU-DNDCDFAISA-N,CC(C)[C@@H]1NC(=O)[C@H](C)OC(=O)[C@@H](C(C)C)NC(=O)[C@@H](C(C)C)OC(=O)[C@H](C(C)C)NC(=O)[C@H](C)OC(=O)[C@@H](C(C)C)NC(=O)[C@@H](C(C)C)OC(=O)[C@H](C(C)C)NC(=O)[C@H](C)OC(=O)[C@@H](C(C)C)NC(=O)[C@@H](C(C)C)OC1=O,CC(C)[C@@H]1NC(=O)[C@H](C)OC(=O)[C@@H](C(C)C)NC(=O)[C@@H](C(C)C)OC(=O)[C@H](C(C)C)NC(=O)[C@H](C)OC(=O)[C@@H](C(C)C)NC(=O)[C@@H](C(C)C)OC(=O)[C@H](C(C)C)NC(=O)[C@H](C)OC(=O)[C@@H](C(C)C)NC(=O)[C@@H](C(C)C)OC1=O,1,78,34
Water,Water,962,exact-name,fragment-parent,Exact competition name resolved to this CID as the first PubChem result.,control,True,True,True,train,val_strain_only;val_time,test_strain_only;test_time,Water,oxidane,H2O,18.015,O,O,InChI=1S/H2O/h1H2,XLYOFNOQVPJJNP-UHFFFAOYSA-N,O,O,1,1,1
Wortmannin,Wortmannin,312145,exact-name,fragment-parent,Exact competition name resolved to this CID as the first PubChem result.,treatment,True,True,True,train,val_strain_only;val_time,test_strain_only;test_time,Wortmannin,"[(1R,3R,5S,9R,18S)-18-(methoxymethyl)-1,5-dimethyl-6,11,16-trioxo-13,17-dioxapentacyclo[10.6.1.02,10.05,9.015,19]nonadeca-2(10),12(19),14-trien-3-yl] acetate",C23H24O8,428.4,CC(=O)O[C@@H]1C[C@]2([C@@H](CCC2=O)C3=C1[C@]4([C@H](OC(=O)C5=COC(=C54)C3=O)COC)C)C,CC(=O)OC1CC2(C(CCC2=O)C3=C1C4(C(OC(=O)C5=COC(=C54)C3=O)COC)C)C,"InChI=1S/C23H24O8/c1-10(24)30-13-7-22(2)12(5-6-14(22)25)16-18(13)23(3)15(9-28-4)31-21(27)11-8-29-20(17(11)23)19(16)26/h8,12-13,15H,5-7,9H2,1-4H3/t12-,13+,15+,22-,23-/m0/s1",QDLHCMPXEPAAMD-QAIWCSMKSA-N,COC[C@H]1OC(=O)c2coc3c2[C@@]1(C)C1=C(C3=O)[C@@H]2CCC(=O)[C@@]2(C)C[C@H]1OC(C)=O,COC[C@H]1OC(=O)c2coc3c2[C@@]1(C)C1=C(C3=O)[C@@H]2CCC(=O)[C@@]2(C)C[C@H]1OC(C)=O,1,31,61
